Nome,Link,Preço
Você buscou por,https://www.casasbahia.com.br/c?Filtro=D83537,"R$ 4.609,40"
Você buscou por,https://www.casasbahia.com.br/c?Filtro=D83537,"R$ 4.609,40"
Você buscou por,https://www.casasbahia.com.br/c?Filtro=D83537,"R$ 4.609,40"
Você buscou por,https://www.casasbahia.com.br/c?Filtro=D83537,"R$ 4.609,40"
Você buscou por,https://www.casasbahia.com.br/c?Filtro=D83537,"R$ 4.609,40"
Categoria,https://www.casasbahia.com.br/apple-iphone-13-128gb-estelar/p/55048759,"R$ 4.609,40"
416,https://www.casasbahia.com.br/apple-iphone-13-128gb-estelar/p/55048759,"R$ 4.609,40"
Apple Iphone 13 128GB - Estelar,https://www.casasbahia.com.br/apple-iphone-13-128gb-estelar/p/55048759,"R$ 4.609,40"
Apple Iphone 13 128GB - Estelar,https://www.casasbahia.com.br/apple-iphone-13-128gb-estelar/p/55048759,"R$ 4.609,40"
Apple Iphone 13 128GB - Estelar,https://www.casasbahia.com.br/apple-iphone-13-128gb-estelar/p/55048759,"R$ 4.609,40"
Apple Iphone 13 128GB - Estelar,https://www.casasbahia.com.br/apple-iphone-13-128gb-estelar/p/55048759,"R$ 4.609,40"
Apple Iphone 13 128GB - Estelar,https://www.casasbahia.com.br/apple-iphone-13-128gb-estelar/p/55048759,"R$ 4.609,40"
Apple Iphone 13 128GB - Estelar,https://www.casasbahia.com.br/apple-iphone-13-128gb-estelar/p/55048759,"R$ 4.609,40"
Apple iPhone 14 128GB - Estelar,https://www.casasbahia.com.br/apple-iphone-14-128gb-estelar/p/55058314,"R$ 4.889,90"
Apple iPhone 14 128GB - Estelar,https://www.casasbahia.com.br/apple-iphone-14-128gb-estelar/p/55058314,"R$ 4.889,90"
Apple iPhone 14 128GB - Estelar,https://www.casasbahia.com.br/apple-iphone-14-128gb-estelar/p/55058314,"R$ 4.889,90"
Apple iPhone 14 128GB - Estelar,https://www.casasbahia.com.br/apple-iphone-14-128gb-estelar/p/55058314,"R$ 4.889,90"
Apple iPhone 14 128GB - Meia-noite,https://www.casasbahia.com.br/apple-iphone-14-128gb-meia-noite/p/55058313,"R$ 4.899,00"
Apple iPhone 14 128GB - Meia-noite,https://www.casasbahia.com.br/apple-iphone-14-128gb-meia-noite/p/55058313,"R$ 4.899,00"
Apple iPhone 14 128GB - Meia-noite,https://www.casasbahia.com.br/apple-iphone-14-128gb-meia-noite/p/55058313,"R$ 4.899,00"
Apple iPhone 14 128GB - Meia-noite,https://www.casasbahia.com.br/apple-iphone-14-128gb-meia-noite/p/55058313,"R$ 4.899,00"
Apple Iphone 13 128GB - Meia-noite,https://www.casasbahia.com.br/apple-iphone-13-128gb-meia-noite/p/55048758,"R$ 4.499,00"
Apple Iphone 13 128GB - Meia-noite,https://www.casasbahia.com.br/apple-iphone-13-128gb-meia-noite/p/55048758,"R$ 4.499,00"
Apple Iphone 13 128GB - Meia-noite,https://www.casasbahia.com.br/apple-iphone-13-128gb-meia-noite/p/55048758,"R$ 4.499,00"
Apple Iphone 13 128GB - Meia-noite,https://www.casasbahia.com.br/apple-iphone-13-128gb-meia-noite/p/55048758,"R$ 4.499,00"
Apple iPhone 15 128GB - Preto,https://www.casasbahia.com.br/apple-iphone-15-128gb-preto/p/55065306,"R$ 5.930,30"
Apple iPhone 15 128GB - Preto,https://www.casasbahia.com.br/apple-iphone-15-128gb-preto/p/55065306,"R$ 5.930,30"
Apple iPhone 15 128GB - Preto,https://www.casasbahia.com.br/apple-iphone-15-128gb-preto/p/55065306,"R$ 5.930,30"
Apple iPhone 15 128GB - Preto,https://www.casasbahia.com.br/apple-iphone-15-128gb-preto/p/55065306,"R$ 5.930,30"
Apple iPhone 13 128GB - Rosa,https://www.casasbahia.com.br/apple-iphone-13-128gb-rosa/p/55048760,"R$ 4.499,00"
Apple iPhone 13 128GB - Rosa,https://www.casasbahia.com.br/apple-iphone-13-128gb-rosa/p/55048760,"R$ 4.499,00"
Apple iPhone 13 128GB - Rosa,https://www.casasbahia.com.br/apple-iphone-13-128gb-rosa/p/55048760,"R$ 4.499,00"
Apple iPhone 13 128GB - Rosa,https://www.casasbahia.com.br/apple-iphone-13-128gb-rosa/p/55048760,"R$ 4.499,00"
Apple iPhone 12 128GB - Preto,https://www.casasbahia.com.br/apple-iphone-12-128gb-preto/p/55029405,"R$ 4.087,61"
Apple iPhone 12 128GB - Preto,https://www.casasbahia.com.br/apple-iphone-12-128gb-preto/p/55029405,"R$ 4.087,61"
Apple iPhone 12 128GB - Preto,https://www.casasbahia.com.br/apple-iphone-12-128gb-preto/p/55029405,"R$ 4.087,61"
Apple iPhone 12 128GB - Preto,https://www.casasbahia.com.br/apple-iphone-12-128gb-preto/p/55029405,"R$ 4.087,61"
Apple iPhone 15 Pro 128GB - Titânio Natural,https://www.casasbahia.com.br/apple-iphone-15-pro-128gb-titanio-natural/p/55064585,"R$ 8.698,89"
Apple iPhone 15 Pro 128GB - Titânio Natural,https://www.casasbahia.com.br/apple-iphone-15-pro-128gb-titanio-natural/p/55064585,"R$ 8.698,89"
Apple iPhone 15 Pro 128GB - Titânio Natural,https://www.casasbahia.com.br/apple-iphone-15-pro-128gb-titanio-natural/p/55064585,"R$ 8.698,89"
Apple iPhone 15 Pro 128GB - Titânio Natural,https://www.casasbahia.com.br/apple-iphone-15-pro-128gb-titanio-natural/p/55064585,"R$ 8.698,89"
Apple iPhone 14 Pro 512GB - Roxo Profundo,https://www.casasbahia.com.br/apple-iphone-14-pro-512gb-roxo-profundo/p/55054472,"por R$ 8.839,89 ou em até 10x de R$ 883,99 sem juros ou"
Apple iPhone 14 Pro 512GB - Roxo Profundo,https://www.casasbahia.com.br/apple-iphone-14-pro-512gb-roxo-profundo/p/55054472,"por R$ 8.839,89 ou em até 10x de R$ 883,99 sem juros ou"
Apple iPhone 14 Pro 512GB - Roxo Profundo,https://www.casasbahia.com.br/apple-iphone-14-pro-512gb-roxo-profundo/p/55054472,"por R$ 8.839,89 ou em até 10x de R$ 883,99 sem juros ou"
Apple iPhone 14 Pro 512GB - Roxo Profundo,https://www.casasbahia.com.br/apple-iphone-14-pro-512gb-roxo-profundo/p/55054472,"por R$ 8.839,89 ou em até 10x de R$ 883,99 sem juros ou"
Usado: iPhone 11 128GB Preto Bom - Trocafone,https://www.casasbahia.com.br/usado-iphone-11-128gb-preto-bom-trocafone/p/1555639935,"por R$ 2.009,00 ou em até 10x de R$ 200,90 sem juros ou"
Usado: iPhone 11 128GB Preto Bom - Trocafone,https://www.casasbahia.com.br/usado-iphone-11-128gb-preto-bom-trocafone/p/1555639935,"por R$ 2.009,00 ou em até 10x de R$ 200,90 sem juros ou"
Usado: iPhone 11 128GB Preto Bom - Trocafone,https://www.casasbahia.com.br/usado-iphone-11-128gb-preto-bom-trocafone/p/1555639935,"por R$ 2.009,00 ou em até 10x de R$ 200,90 sem juros ou"
Usado: iPhone 11 128GB Preto Bom - Trocafone,https://www.casasbahia.com.br/usado-iphone-11-128gb-preto-bom-trocafone/p/1555639935,"por R$ 2.009,00 ou em até 10x de R$ 200,90 sem juros ou"
Apple iPhone 13 256GB - Rosa,https://www.casasbahia.com.br/apple-iphone-13-256gb-rosa/p/55048764,"R$ 5.235,36"
Apple iPhone 13 256GB - Rosa,https://www.casasbahia.com.br/apple-iphone-13-256gb-rosa/p/55048764,"R$ 5.235,36"
Apple iPhone 13 256GB - Rosa,https://www.casasbahia.com.br/apple-iphone-13-256gb-rosa/p/55048764,"R$ 5.235,36"
Apple iPhone 13 256GB - Rosa,https://www.casasbahia.com.br/apple-iphone-13-256gb-rosa/p/55048764,"R$ 5.235,36"
Apple iPhone 15 256GB - Verde,https://www.casasbahia.com.br/apple-iphone-15-256gb-verde/p/55065315,"R$ 6.499,00"
Apple iPhone 15 256GB - Verde,https://www.casasbahia.com.br/apple-iphone-15-256gb-verde/p/55065315,"R$ 6.499,00"
Apple iPhone 15 256GB - Verde,https://www.casasbahia.com.br/apple-iphone-15-256gb-verde/p/55065315,"R$ 6.499,00"
Apple iPhone 15 256GB - Verde,https://www.casasbahia.com.br/apple-iphone-15-256gb-verde/p/55065315,"R$ 6.499,00"
Usado: iPhone 11 64GB Preto Bom - Trocafone,https://www.casasbahia.com.br/usado-iphone-11-64gb-preto-bom-trocafone/p/1529597236,"por R$ 1.829,00 ou em até 10x de R$ 182,90 sem juros ou"
Usado: iPhone 11 64GB Preto Bom - Trocafone,https://www.casasbahia.com.br/usado-iphone-11-64gb-preto-bom-trocafone/p/1529597236,"por R$ 1.829,00 ou em até 10x de R$ 182,90 sem juros ou"
Usado: iPhone 11 64GB Preto Bom - Trocafone,https://www.casasbahia.com.br/usado-iphone-11-64gb-preto-bom-trocafone/p/1529597236,"por R$ 1.829,00 ou em até 10x de R$ 182,90 sem juros ou"
Usado: iPhone 11 64GB Preto Bom - Trocafone,https://www.casasbahia.com.br/usado-iphone-11-64gb-preto-bom-trocafone/p/1529597236,"por R$ 1.829,00 ou em até 10x de R$ 182,90 sem juros ou"
Apple iPhone 14 Pro Max 512GB Prateado,https://www.casasbahia.com.br/apple-iphone-14-pro-max-512gb-prateado/p/55054424,"R$ 9.998,89"
Apple iPhone 14 Pro Max 512GB Prateado,https://www.casasbahia.com.br/apple-iphone-14-pro-max-512gb-prateado/p/55054424,"R$ 9.998,89"
Apple iPhone 14 Pro Max 512GB Prateado,https://www.casasbahia.com.br/apple-iphone-14-pro-max-512gb-prateado/p/55054424,"R$ 9.998,89"
Apple iPhone 14 Pro Max 512GB Prateado,https://www.casasbahia.com.br/apple-iphone-14-pro-max-512gb-prateado/p/55054424,"R$ 9.998,89"
Apple iPhone 14 256GB - Meia-noite,https://www.casasbahia.com.br/apple-iphone-14-256gb-meia-noite/p/55058318,"R$ 6.424,17"
Apple iPhone 14 256GB - Meia-noite,https://www.casasbahia.com.br/apple-iphone-14-256gb-meia-noite/p/55058318,"R$ 6.424,17"
Apple iPhone 14 256GB - Meia-noite,https://www.casasbahia.com.br/apple-iphone-14-256gb-meia-noite/p/55058318,"R$ 6.424,17"
Apple iPhone 14 256GB - Meia-noite,https://www.casasbahia.com.br/apple-iphone-14-256gb-meia-noite/p/55058318,"R$ 6.424,17"
Usado: iPhone 11 64GB Preto Muito Bom - Trocafone,https://www.casasbahia.com.br/usado-iphone-11-64gb-preto-muito-bom-trocafone/p/1555684045,"por R$ 1.949,00 ou em até 10x de R$ 194,90 sem juros ou"
Usado: iPhone 11 64GB Preto Muito Bom - Trocafone,https://www.casasbahia.com.br/usado-iphone-11-64gb-preto-muito-bom-trocafone/p/1555684045,"por R$ 1.949,00 ou em até 10x de R$ 194,90 sem juros ou"
Usado: iPhone 11 64GB Preto Muito Bom - Trocafone,https://www.casasbahia.com.br/usado-iphone-11-64gb-preto-muito-bom-trocafone/p/1555684045,"por R$ 1.949,00 ou em até 10x de R$ 194,90 sem juros ou"
Usado: iPhone 11 64GB Preto Muito Bom - Trocafone,https://www.casasbahia.com.br/usado-iphone-11-64gb-preto-muito-bom-trocafone/p/1555684045,"por R$ 1.949,00 ou em até 10x de R$ 194,90 sem juros ou"
Usado: iPhone 11 128GB Branco Muito Bom - Trocafone,https://www.casasbahia.com.br/usado-iphone-11-128gb-branco-muito-bom-trocafone/p/1557744086,"por R$ 2.199,00 ou em até 10x de R$ 219,90 sem juros ou"
Usado: iPhone 11 128GB Branco Muito Bom - Trocafone,https://www.casasbahia.com.br/usado-iphone-11-128gb-branco-muito-bom-trocafone/p/1557744086,"por R$ 2.199,00 ou em até 10x de R$ 219,90 sem juros ou"
Usado: iPhone 11 128GB Branco Muito Bom - Trocafone,https://www.casasbahia.com.br/usado-iphone-11-128gb-branco-muito-bom-trocafone/p/1557744086,"por R$ 2.199,00 ou em até 10x de R$ 219,90 sem juros ou"
Usado: iPhone 11 128GB Branco Muito Bom - Trocafone,https://www.casasbahia.com.br/usado-iphone-11-128gb-branco-muito-bom-trocafone/p/1557744086,"por R$ 2.199,00 ou em até 10x de R$ 219,90 sem juros ou"
Apple iPhone 15 Pro 128GB - Titânio Branco,https://www.casasbahia.com.br/apple-iphone-15-pro-128gb-titanio-branco/p/55064584,"R$ 8.279,00"
Apple iPhone 15 Pro 128GB - Titânio Branco,https://www.casasbahia.com.br/apple-iphone-15-pro-128gb-titanio-branco/p/55064584,"R$ 8.279,00"
Apple iPhone 15 Pro 128GB - Titânio Branco,https://www.casasbahia.com.br/apple-iphone-15-pro-128gb-titanio-branco/p/55064584,"R$ 8.279,00"
Apple iPhone 15 Pro 128GB - Titânio Branco,https://www.casasbahia.com.br/apple-iphone-15-pro-128gb-titanio-branco/p/55064584,"R$ 8.279,00"
Apple iPhone 14 Pro 512GB Prateado,https://www.casasbahia.com.br/apple-iphone-14-pro-512gb-prateado/p/55054470,"R$ 8.954,90"
Apple iPhone 14 Pro 512GB Prateado,https://www.casasbahia.com.br/apple-iphone-14-pro-512gb-prateado/p/55054470,"R$ 8.954,90"
Apple iPhone 14 Pro 512GB Prateado,https://www.casasbahia.com.br/apple-iphone-14-pro-512gb-prateado/p/55054470,"R$ 8.954,90"
Apple iPhone 14 Pro 512GB Prateado,https://www.casasbahia.com.br/apple-iphone-14-pro-512gb-prateado/p/55054470,"R$ 8.954,90"
Apple iPhone 15 Pro 128GB - Titânio Azul,https://www.casasbahia.com.br/apple-iphone-15-pro-128gb-titanio-azul/p/55064586,"R$ 8.829,90"
Apple iPhone 15 Pro 128GB - Titânio Azul,https://www.casasbahia.com.br/apple-iphone-15-pro-128gb-titanio-azul/p/55064586,"R$ 8.829,90"
Apple iPhone 15 Pro 128GB - Titânio Azul,https://www.casasbahia.com.br/apple-iphone-15-pro-128gb-titanio-azul/p/55064586,"R$ 8.829,90"
Apple iPhone 15 Pro 128GB - Titânio Azul,https://www.casasbahia.com.br/apple-iphone-15-pro-128gb-titanio-azul/p/55064586,"R$ 8.829,90"
